net,length_um
clknet_1_0__leaf_clk,149.56µm
net3,124.4µm
clknet_1_1__leaf_clk,117.78µm
net1,111.79µm
_040_,69.94µm
clk,64.89µm
_051_,64.61µm
_057_,54.17µm
u_uart.clk_cnt\[11\],51.08µm
_044_,47.72µm
_035_,39.42µm
u_uart.clk_cnt\[9\],38.88µm
u_uart.clk_cnt\[1\],38.4µm
u_uart.state\[1\],38.04µm
u_uart.clk_cnt\[10\],37.44µm
u_uart.clk_cnt\[6\],35.16µm
_049_,35.04µm
_065_,34.96µm
u_uart.clk_cnt\[12\],33.7µm
_041_,33.16µm
u_uart.clk_cnt\[2\],31.86µm
u_uart.clk_cnt\[13\],30.72µm
_039_,29.24µm
_038_,28.19µm
u_uart.clk_cnt\[7\],27.78µm
_053_,26.66µm
_045_,26.1µm
_047_,25.58µm
clknet_0_clk,25.56µm
u_uart.clk_cnt\[8\],25.4µm
_030_,25.19µm
u_uart.clk_cnt\[4\],23.88µm
_027_,21.08µm
u_uart.clk_cnt\[0\],21µm
_055_,19.88µm
u_uart.state\[0\],19.7µm
_023_,19.06µm
u_uart.bit_idx\[1\],18.66µm
u_uart.state\[2\],18.54µm
u_uart.bit_idx\[2\],18.42µm
u_uart.clk_cnt\[5\],16.64µm
_061_,16.14µm
u_uart.clk_cnt\[15\],15.02µm
u_uart.clk_cnt\[3\],14.36µm
_037_,14.22µm
u_uart.state\[3\],13.8µm
net,13.37µm
u_uart.bit_idx\[0\],13.26µm
net4,13.17µm
_028_,12.51µm
rst_n,12.43µm
net5,12.01µm
net6,11.81µm
u_uart.clk_cnt\[14\],11.3µm
net11,9.57µm
_029_,9.44µm
net7,8.99µm
net9,8.7µm
uart_tx,8.69µm
net12,8.36µm
net10,8.23µm
_031_,8.1µm
_062_,7.96µm
_018_,7.8µm
net8,7.67µm
_013_,7.52µm
_036_,7.42µm
_033_,7.4µm
_008_,6.8µm
net13,6.64µm
_059_,6.5µm
_050_,6.26µm
_046_,6.14µm
_006_,6.06µm
_063_,6.06µm
_043_,5.92µm
_021_,5.9µm
_010_,5.82µm
_052_,5.68µm
_024_,5.26µm
_019_,5.14µm
_032_,4.94µm
net2,4.8µm
_022_,4.46µm
_003_,4µm
_012_,4µm
_048_,3.98µm
_005_,3.76µm
_026_,3.68µm
_016_,3.66µm
_020_,3.66µm
_009_,3.54µm
_014_,3.42µm
_056_,3.32µm
_002_,3.3µm
_011_,3.2µm
_060_,3.2µm
_001_,2.96µm
_064_,2.96µm
_058_,2.76µm
_004_,2.72µm
_042_,2.67µm
_007_,2.62µm
_017_,2.38µm
_066_,2.38µm
_000_,2.3µm
_034_,1.7µm
_054_,1.48µm
_015_,1.36µm
_025_,1.26µm
