net,length_um
clknet_0_clk,299.44µm
net82,157.12µm
_0092_,132.84µm
clk,119.31µm
net20,118.5µm
net81,117.54µm
_0096_,113.63µm
net36,108.32µm
_0246_,100.24µm
net66,91.56µm
net49,88.2µm
net27,87.42µm
net29,86.09µm
net13,86µm
_0108_,85.765µm
u_gpio.led4_active,85.4µm
net12,84.61µm
_0238_,83.76µm
net26,82.46µm
net83,81.88µm
net34,81.84µm
net22,80.88µm
net30,80.46µm
net69,77.67µm
net18,77.48µm
net23,77.29µm
net75,77.25µm
net9,77.1µm
net11,75.8µm
net37,74.38µm
net33,74.32µm
net10,74.17µm
_0071_,73.73µm
net32,72.86µm
net53,71.54µm
net17,71.02µm
net14,69.52µm
net84,69.11µm
net61,68.66µm
m_wvalid\[0\],68.44µm
clknet_5_19__leaf_clk,67.72µm
net41,67.63µm
net40,67.6µm
net46,67.17µm
net54,66.46µm
net47,65.86µm
net56,65.19µm
net39,64.9µm
net52,64.16µm
net24,63.96µm
net64,63.82µm
clknet_5_17__leaf_clk,62.44µm
net71,62.13µm
clknet_5_7__leaf_clk,61.96µm
net44,61.56µm
net21,61.53µm
clknet_5_13__leaf_clk,60.96µm
clknet_5_16__leaf_clk,60.96µm
clknet_5_11__leaf_clk,60.68µm
net72,60.07µm
u_uart.tx_state_q\[2\],59.94µm
net25,59.92µm
clknet_5_6__leaf_clk,59.08µm
clknet_5_25__leaf_clk,58.94µm
clknet_5_28__leaf_clk,58.76µm
net42,58.66µm
net16,58.6µm
net76,57.33µm
net19,57.175µm
clknet_5_0__leaf_clk,57.1µm
_0215_,56.98µm
clknet_5_10__leaf_clk,55.51µm
u_coh.coh_state\[0\],55.04µm
net78,54.98µm
_0244_,54.95µm
m_arvalid\[1\],54.615µm
net38,54.33µm
net50,54.3µm
net79,54.24µm
clknet_5_9__leaf_clk,54.06µm
clknet_5_29__leaf_clk,54.02µm
clknet_5_24__leaf_clk,54µm
_0256_,53.56µm
clknet_5_8__leaf_clk,53.32µm
clknet_5_23__leaf_clk,53.12µm
net8,52.84µm
_0174_,52.71µm
_0166_,52.58µm
net63,52.56µm
net80,52.28µm
_0123_,51.48µm
clknet_5_27__leaf_clk,51.4µm
net59,51.31µm
clknet_5_26__leaf_clk,51.04µm
net57,51.03µm
clknet_5_3__leaf_clk,51µm
net109,50.82µm
_0099_,50.025µm
coh_write_notify\[1\],49.74µm
net62,49.72µm
_0161_,49.22µm
_0072_,48.78µm
s_rvalid,48.265µm
_0193_,47.78µm
s_bvalid,47.66µm
_0190_,47.46µm
net60,47.29µm
net67,47.21µm
m_wvalid\[1\],46.8µm
net74,46.75µm
_0196_,46.5µm
_0075_,46.4µm
clknet_5_15__leaf_clk,46.08µm
coh_write_notify\[0\],46.055µm
_0226_,45.53µm
clknet_5_1__leaf_clk,45.18µm
_0221_,44.54µm
u_uart.tx_state_q\[0\],44.5µm
clknet_5_22__leaf_clk,44.34µm
clknet_5_2__leaf_clk,44.26µm
coh_fill_notify\[0\],44.14µm
_0089_,44.08µm
clknet_5_21__leaf_clk,44.02µm
_0180_,43.6µm
_0209_,43.58µm
_0236_,43.52µm
_0203_,42.76µm
_0088_,41.54µm
clknet_5_12__leaf_clk,41.5µm
clknet_5_31__leaf_clk,41.3µm
net45,40.86µm
net15,40.78µm
_0257_,40.5µm
u_uart.tx_baud_cnt_q\[0\],40.03µm
net65,39.95µm
net28,39.79µm
clknet_5_20__leaf_clk,39.7µm
clknet_5_30__leaf_clk,39.66µm
_0249_,39.14µm
_0201_,39.06µm
_0224_,38.54µm
_0418_,38.18µm
clknet_5_18__leaf_clk,38.16µm
net48,38.09µm
_0152_,37.86µm
clknet_4_9_0_clk,37.64µm
_0230_,37.48µm
u_gpio.led1_cnt_q\[4\],37.26µm
u_gpio.led2_cnt_q\[10\],37.04µm
u_arb.pref_q,36.98µm
_0255_,36.78µm
clknet_5_4__leaf_clk,36.56µm
clknet_5_14__leaf_clk,36.52µm
_0219_,36.48µm
net43,36.46µm
_0087_,36.32µm
_0074_,35.8µm
m_awvalid\[1\],35.66µm
_0163_,35.435µm
u_coh.coh_state\[2\],35.33µm
u_arb.pref_d,35.22µm
_0205_,34.6µm
_0207_,34.49µm
net70,34.34µm
net35,33.78µm
net77,33.6µm
_0217_,33.3µm
_0127_,33.1µm
_0232_,33µm
_0073_,32.76µm
_0114_,32.76µm
_0266_,32.74µm
_0139_,32.4µm
clknet_5_5__leaf_clk,32.38µm
clknet_4_11_0_clk,32.28µm
_0135_,32.15µm
net51,32.07µm
_0111_,31.97µm
_0156_,31.815µm
_0239_,31.8µm
_0241_,31.4µm
_0144_,31.125µm
_0428_,30.73µm
_0159_,30.54µm
clknet_4_14_0_clk,30.54µm
net31,30.415µm
_0106_,30.32µm
u_gpio.led1_cnt_q\[16\],30.18µm
net58,30.18µm
_0002_,29.98µm
net73,29.87µm
net148,29.84µm
m_awvalid\[0\],29.74µm
_0182_,29.62µm
_0134_,29.48µm
_0116_,29.44µm
u_arb.state_q\[2\],29.44µm
_0085_,29.32µm
u_gpio.led0_cnt_q\[4\],29.2µm
u_uart.tx_state_q\[1\],29.2µm
u_gpio.led2_cnt_q\[13\],29.18µm
_0234_,29.07µm
u_coh.proc_idx_q\[0\],29.04µm
u_gpio.led1_cnt_q\[10\],29.02µm
clknet_4_10_0_clk,28.86µm
u_coh.coh_state_next\[0\],28.08µm
_0104_,28.06µm
_0098_,27.9µm
net68,27.89µm
net55,27.83µm
_0133_,27.64µm
_0185_,27.2µm
coh_inv_ack\[0\],26.98µm
_0178_,26.96µm
u_gpio.led3_cnt_q\[0\],26.64µm
u_gpio.led1_cnt_q\[13\],26.4µm
_0094_,26.26µm
clknet_4_0_0_clk,26.22µm
_0210_,26µm
_0150_,25.98µm
u_gpio.led3_active,25.98µm
u_gpio.led1_cnt_q\[0\],25.92µm
u_gpio.led4_cnt_q\[8\],25.88µm
clknet_4_8_0_clk,25.61µm
_0197_,25.56µm
clknet_4_5_0_clk,25.4µm
clknet_4_1_0_clk,25.18µm
_0084_,25.16µm
u_uart.tx_baud_cnt_q\[2\],24.92µm
net182,24.825µm
u_gpio.led2_cnt_q\[16\],24.7µm
clknet_4_6_0_clk,24.44µm
u_gpio.led0_cnt_q\[0\],24.3µm
_0103_,24.24µm
_0132_,24.24µm
u_gpio.led3_cnt_q\[18\],24.16µm
clknet_4_12_0_clk,24.08µm
m_arvalid\[0\],24µm
u_gpio.led3_cnt_q\[12\],24µm
u_gpio.led3_cnt_q\[19\],23.975µm
_0097_,23.88µm
u_gpio.led1_cnt_q\[21\],23.84µm
u_gpio.led3_cnt_q\[4\],23.84µm
_0176_,23.72µm
coh_fill_notify\[1\],23.7µm
u_gpio.led0_cnt_q\[7\],23.7µm
u_gpio.led4_cnt_q\[19\],23.22µm
net144,23.18µm
u_gpio.led4_cnt_q\[4\],23.14µm
u_coh.coh_state\[1\],22.8µm
_0158_,22.72µm
_0417_,22.58µm
u_gpio.led4_cnt_q\[5\],22.58µm
u_gpio.led4_cnt_q\[7\],22.54µm
u_gpio.led1_cnt_q\[1\],22.52µm
_0198_,22.495µm
_0169_,22.48µm
u_gpio.led4_cnt_q\[0\],22.38µm
u_gpio.led2_cnt_q\[7\],22.26µm
u_gpio.led3_cnt_q\[16\],22.18µm
_0227_,22µm
_0245_,21.96µm
_0146_,21.94µm
_0147_,21.82µm
_0130_,21.78µm
u_gpio.led0_cnt_q\[1\],21.72µm
_0168_,21.54µm
u_uart.tx_shift_q\[4\],21.48µm
_0416_,21.44µm
_0179_,21.42µm
clknet_4_2_0_clk,21.38µm
u_gpio.led2_cnt_q\[6\],21.24µm
u_sram.ar_ready_d,21.08µm
u_uart.tx_state_q\[3\],21.02µm
_0202_,21µm
u_arb.state_q\[0\],20.98µm
u_gpio.led2_cnt_q\[0\],20.88µm
_0102_,20.86µm
u_gpio.led4_cnt_q\[13\],20.84µm
net146,20.82µm
u_gpio.led2_cnt_q\[21\],20.7µm
_0432_,20.66µm
_0091_,20.62µm
_0110_,20.46µm
m_rready\[0\],20.44µm
net147,20.36µm
clknet_4_13_0_clk,20.32µm
u_uart.tx_baud_cnt_q\[1\],20.3µm
u_uart.tx_bitcnt_q\[1\],20.3µm
u_gpio.led4_cnt_q\[21\],20.24µm
u_uart.tx_baud_cnt_q\[5\],20.17µm
_0384_,20.1µm
clknet_4_7_0_clk,19.86µm
_0368_,19.74µm
_0327_,19.72µm
u_gpio.led3_cnt_q\[20\],19.62µm
_0122_,19.58µm
_0188_,19.56µm
u_coh.last_served,19.38µm
_0335_,19.335µm
u_gpio.led0_cnt_q\[19\],19.2µm
_0171_,19.19µm
net201,19.18µm
u_sram.aw_ready_d,19.14µm
_0143_,19.12µm
u_gpio.led3_cnt_q\[7\],19.12µm
u_gpio.led4_cnt_q\[14\],19.12µm
u_gpio.led2_cnt_q\[1\],19.06µm
_0145_,19.04µm
u_gpio.led4_cnt_q\[2\],19.04µm
u_gpio.led1_cnt_q\[19\],19.035µm
_0213_,19.02µm
u_gpio.led2_cnt_q\[19\],19µm
_0194_,18.98µm
u_gpio.led0_cnt_q\[14\],18.98µm
u_gpio.led4_cnt_q\[20\],18.96µm
coh_status\[3\],18.94µm
u_gpio.led3_cnt_q\[15\],18.9µm
clknet_4_3_0_clk,18.75µm
u_gpio.led0_cnt_q\[13\],18.72µm
_0429_,18.7µm
_0083_,18.66µm
_0117_,18.6µm
_0208_,18.48µm
m_bready\[1\],18.46µm
u_gpio.led3_cnt_q\[13\],18.44µm
_0390_,18.32µm
_0148_,18.28µm
coh_status\[7\],18.28µm
_0160_,18.24µm
_0411_,18.22µm
u_gpio.led2_cnt_q\[11\],18.22µm
_0212_,18.14µm
per_core\[0\].u_dcache.line_valid_reg\[2\]\[0\],18.14µm
_0175_,18.06µm
_0336_,18.06µm
_0329_,18µm
_0200_,17.88µm
u_gpio.led0_cnt_q\[16\],17.74µm
u_gpio.led1_cnt_q\[5\],17.72µm
_0079_,17.68µm
_0355_,17.68µm
_0247_,17.64µm
u_gpio.led2_cnt_q\[5\],17.56µm
u_gpio.led1_cnt_q\[14\],17.52µm
_0128_,17.475µm
u_gpio.led1_cnt_q\[17\],17.42µm
_0183_,17.32µm
_0218_,17.32µm
_0186_,17.29µm
u_gpio.led3_cnt_q\[1\],17.28µm
_0410_,17.22µm
_0328_,16.92µm
_0164_,16.9µm
_0192_,16.88µm
coh_status\[15\],16.74µm
_0142_,16.72µm
m_rready\[1\],16.68µm
led[4],16.655µm
_0100_,16.64µm
_0371_,16.58µm
_0107_,16.4µm
clknet_4_15_0_clk,16.36µm
_0157_,16.26µm
_0353_,16.26µm
_0356_,16.26µm
coh_status\[6\],16.26µm
u_uart.tx_bitcnt_q\[0\],16.22µm
_0311_,16.18µm
u_gpio.led4_cnt_q\[1\],16.18µm
u_gpio.led3_cnt_q\[17\],16.08µm
coh_inv_ack\[1\],16.02µm
_0342_,15.98µm
coh_status\[14\],15.98µm
u_gpio.led4_cnt_q\[15\],15.98µm
net108,15.98µm
_0233_,15.94µm
coh_status\[2\],15.72µm
_0252_,15.7µm
_0189_,15.64µm
u_gpio.led3_cnt_q\[6\],15.64µm
per_core\[1\].u_dcache.line_valid_reg\[0\]\[0\],15.58µm
u_uart.tx_baud_cnt_q\[9\],15.56µm
_0330_,15.52µm
coh_status\[0\],15.52µm
coh_status\[12\],15.52µm
u_sram.w_ready_d,15.44µm
u_coh.coh_state_next\[1\],15.38µm
_0077_,15.36µm
u_gpio.led1_cnt_q\[7\],15.34µm
_0140_,15.26µm
u_gpio.led2_cnt_q\[4\],15.26µm
_0005_,15.22µm
_0271_,15.2µm
u_gpio.led3_cnt_q\[10\],15.2µm
_0369_,15.14µm
_0392_,15.1µm
m_bready\[0\],15.1µm
u_gpio.led0_cnt_q\[21\],15.06µm
u_gpio.led3_cnt_d\[14\],14.98µm
_0177_,14.96µm
_0372_,14.92µm
net157,14.92µm
_0162_,14.88µm
led[0],14.86µm
led[1],14.86µm
led[2],14.86µm
led[3],14.86µm
u_gpio.led1_cnt_q\[11\],14.84µm
u_gpio.led1_cnt_q\[6\],14.84µm
net90,14.8µm
_0086_,14.76µm
_0427_,14.76µm
_0214_,14.72µm
_0296_,14.72µm
_0431_,14.72µm
_0129_,14.64µm
u_gpio.led2_cnt_q\[14\],14.64µm
u_gpio.led0_cnt_q\[18\],14.635µm
u_gpio.led2_cnt_q\[3\],14.62µm
_0081_,14.6µm
_0216_,14.56µm
_0118_,14.42µm
_0109_,14.18µm
_0237_,14.18µm
net136,14.18µm
net85,14.115µm
net86,14.115µm
net,14.115µm
_0093_,14.1µm
_0229_,14.06µm
u_gpio.led3_cnt_q\[2\],14.02µm
_0365_,14µm
u_gpio.led4_cnt_q\[9\],14µm
u_gpio.led2_cnt_q\[2\],13.96µm
clknet_4_4_0_clk,13.96µm
_0191_,13.94µm
u_gpio.led1_cnt_q\[2\],13.92µm
net1,13.9µm
_0206_,13.88µm
_0433_,13.84µm
u_gpio.led3_cnt_d\[11\],13.8µm
u_gpio.led1_cnt_q\[3\],13.76µm
_0105_,13.68µm
_0112_,13.68µm
_0184_,13.68µm
_0024_,13.66µm
coh_status\[5\],13.58µm
_0288_,13.42µm
_0344_,13.38µm
u_gpio.led1_cnt_q\[8\],13.34µm
net149,13.32µm
u_gpio.led3_cnt_q\[5\],13.315µm
u_gpio.led0_cnt_q\[11\],13.3µm
net139,13.26µm
u_gpio.led0_cnt_q\[10\],13.22µm
net97,13.18µm
_0120_,13.1µm
_0251_,13.1µm
u_gpio.led0_cnt_q\[17\],12.98µm
_0009_,12.805µm
_0306_,12.7µm
_0003_,12.68µm
_0316_,12.62µm
_0250_,12.54µm
coh_status\[1\],12.54µm
u_coh.proc_idx_q\[1\],12.54µm
u_gpio.led2_cnt_d\[20\],12.5µm
_0275_,12.48µm
_0285_,12.48µm
_0068_,12.47µm
_0387_,12.38µm
u_gpio.led0_cnt_q\[15\],12.38µm
_0379_,12.32µm
u_gpio.led3_cnt_q\[8\],12.3µm
coh_status\[13\],12.26µm
_0318_,12.2µm
_0413_,12.18µm
_0391_,12.08µm
_0414_,12.08µm
_0136_,11.98µm
u_uart.tx_baud_cnt_d\[6\],11.92µm
u_gpio.led3_cnt_q\[11\],11.88µm
_0018_,11.84µm
_0278_,11.84µm
net197,11.84µm
net119,11.78µm
_0080_,11.77µm
_0361_,11.76µm
_0374_,11.74µm
u_gpio.led4_cnt_q\[12\],11.66µm
_0181_,11.62µm
u_uart.tx_shift_q\[0\],11.56µm
u_uart.tx_shift_q\[8\],11.5µm
_0352_,11.48µm
_0305_,11.46µm
_0339_,11.46µm
_0364_,11.46µm
u_gpio.led4_cnt_q\[17\],11.375µm
_0016_,11.32µm
net187,11.28µm
u_gpio.led0_cnt_q\[9\],11.26µm
_0220_,11.2µm
_0341_,11.2µm
per_core\[0\].u_dcache.line_valid_reg\[3\]\[0\],11.2µm
net111,11.2µm
_0069_,11.17µm
u_gpio.led0_cnt_q\[8\],11.16µm
_0383_,11.12µm
_0426_,11.12µm
_0222_,11.06µm
u_gpio.led2_cnt_q\[12\],11.04µm
u_gpio.led0_cnt_q\[6\],10.98µm
_0173_,10.96µm
net138,10.96µm
u_gpio.led4_cnt_q\[10\],10.94µm
_0137_,10.935µm
net155,10.86µm
_0046_,10.845µm
_0272_,10.82µm
u_gpio.led4_cnt_q\[6\],10.82µm
_0375_,10.7µm
u_gpio.led2_cnt_q\[20\],10.7µm
u_uart.tx_bitcnt_q\[2\],10.7µm
_0082_,10.68µm
u_gpio.led2_cnt_d\[7\],10.66µm
_0425_,10.62µm
u_gpio.led4_cnt_d\[16\],10.62µm
_0007_,10.58µm
u_gpio.led4_cnt_q\[16\],10.58µm
_0167_,10.54µm
_0301_,10.54µm
_0240_,10.5µm
_0281_,10.46µm
_0064_,10.4µm
per_core\[1\].u_dcache.line_valid_reg\[2\]\[0\],10.4µm
_0343_,10.38µm
u_uart.tx_baud_cnt_q\[4\],10.38µm
net165,10.325µm
_0131_,10.32µm
_0291_,10.32µm
_0294_,10.32µm
_0310_,10.32µm
coh_status\[9\],10.28µm
per_core\[0\].u_dcache.line_valid_reg\[0\]\[0\],10.28µm
_0151_,10.26µm
_0412_,10.26µm
_0035_,10.24µm
_0287_,10.2µm
u_gpio.led0_cnt_d\[19\],10.2µm
_0406_,10.12µm
_0405_,10.09µm
_0235_,10.08µm
_0309_,10.06µm
u_gpio.led0_cnt_q\[5\],10.06µm
u_gpio.led2_cnt_q\[17\],10.04µm
_0304_,10µm
_0409_,10µm
_0314_,9.96µm
_0282_,9.9µm
u_gpio.led0_cnt_q\[2\],9.9µm
net177,9.82µm
net6,9.8µm
u_gpio.led1_cnt_q\[12\],9.8µm
_0078_,9.72µm
u_gpio.led1_cnt_d\[13\],9.7µm
_0043_,9.66µm
u_gpio.led0_cnt_d\[16\],9.54µm
u_gpio.led3_cnt_d\[18\],9.54µm
u_gpio.led4_cnt_q\[3\],9.54µm
_0421_,9.5µm
net133,9.48µm
net125,9.44µm
net156,9.44µm
_0398_,9.42µm
_0261_,9.38µm
_0396_,9.24µm
u_gpio.led1_cnt_q\[18\],9.24µm
u_gpio.led2_cnt_d\[8\],9.24µm
rst_n,9.23µm
_0286_,9.22µm
_0006_,9.16µm
_0231_,9.16µm
net104,9.16µm
u_gpio.led2_cnt_q\[8\],9.14µm
u_gpio.led1_cnt_d\[0\],9.02µm
net122,9.02µm
_0125_,9µm
_0011_,8.98µm
_0049_,8.98µm
_0385_,8.94µm
_0378_,8.9µm
_0386_,8.9µm
net5,8.9µm
u_gpio.led2_cnt_q\[9\],8.9µm
net100,8.9µm
_0015_,8.86µm
_0394_,8.86µm
net3,8.86µm
coh_status\[11\],8.78µm
u_gpio.led1_cnt_d\[14\],8.78µm
u_gpio.led1_cnt_d\[20\],8.76µm
_0029_,8.74µm
net195,8.74µm
net129,8.7µm
net175,8.68µm
_0032_,8.665µm
u_gpio.led0_cnt_d\[7\],8.66µm
net126,8.66µm
_0264_,8.6µm
_0315_,8.58µm
_0312_,8.56µm
u_uart.tx_baud_cnt_q\[6\],8.56µm
u_gpio.led2_cnt_d\[17\],8.52µm
net178,8.52µm
u_gpio.led2_cnt_d\[4\],8.48µm
u_gpio.led3_cnt_d\[15\],8.44µm
u_uart.tx_baud_cnt_q\[7\],8.44µm
u_uart.tx_bitcnt_q\[3\],8.4µm
_0262_,8.32µm
_0358_,8.32µm
uart_tx,8.305µm
_0223_,8.24µm
_0066_,8.22µm
u_gpio.led2_cnt_q\[15\],8.22µm
_0204_,8.2µm
_0415_,8.2µm
per_core\[1\].u_dcache.line_valid_reg\[1\]\[0\],8.2µm
_0027_,8.18µm
u_gpio.led1_cnt_q\[9\],8.18µm
_0317_,8.16µm
u_gpio.led1_cnt_q\[20\],8.1µm
u_gpio.led3_cnt_d\[17\],8.1µm
_0030_,8.085µm
_0154_,8.06µm
_0284_,8.06µm
_0319_,8.06µm
_0337_,7.98µm
u_gpio.led0_cnt_q\[12\],7.98µm
u_gpio.led1_cnt_d\[11\],7.98µm
u_gpio.led4_cnt_d\[11\],7.98µm
u_uart.tx_baud_cnt_q\[3\],7.98µm
net140,7.98µm
_0165_,7.96µm
_0038_,7.94µm
_0058_,7.94µm
net135,7.94µm
_0034_,7.905µm
_0243_,7.9µm
_0290_,7.86µm
_0430_,7.86µm
net160,7.86µm
u_gpio.led0_cnt_q\[3\],7.76µm
u_gpio.led1_cnt_d\[8\],7.74µm
_0283_,7.7µm
_0403_,7.7µm
net113,7.68µm
u_gpio.led2_cnt_d\[6\],7.64µm
u_gpio.led4_cnt_d\[9\],7.64µm
net161,7.605µm
_0031_,7.6µm
net115,7.6µm
net170,7.52µm
_0090_,7.505µm
u_gpio.led0_cnt_d\[8\],7.48µm
u_gpio.led2_cnt_d\[15\],7.48µm
net173,7.48µm
u_gpio.led1_cnt_q\[15\],7.47µm
_0303_,7.44µm
net134,7.42µm
net202,7.42µm
u_gpio.led4_cnt_q\[11\],7.32µm
_0101_,7.28µm
_0254_,7.26µm
u_coh.proc_core_d,7.26µm
_0326_,7.24µm
net116,7.24µm
coh_status\[10\],7.22µm
u_gpio.led4_cnt_d\[7\],7.18µm
net154,7.18µm
net172,7.18µm
net192,7.18µm
u_gpio.led1_cnt_d\[1\],7.16µm
_0052_,7.14µm
net186,7.1µm
u_gpio.led3_cnt_d\[9\],7.08µm
_0115_,7.06µm
u_gpio.led1_cnt_d\[21\],7.06µm
coh_status\[4\],6.98µm
u_uart.tx_shift_q\[2\],6.98µm
_0253_,6.94µm
_0308_,6.94µm
_0313_,6.94µm
u_gpio.led3_cnt_d\[2\],6.94µm
u_gpio.led4_cnt_d\[0\],6.94µm
_0017_,6.92µm
_0042_,6.91µm
_0422_,6.9µm
u_gpio.led2_cnt_d\[10\],6.865µm
_0211_,6.84µm
u_gpio.led4_cnt_d\[17\],6.82µm
_0293_,6.78µm
_0408_,6.78µm
net7,6.78µm
net159,6.78µm
net191,6.78µm
_0350_,6.76µm
net145,6.76µm
net87,6.72µm
u_gpio.led1_cnt_d\[19\],6.72µm
net189,6.72µm
_0023_,6.7µm
_0126_,6.7µm
_0199_,6.6µm
u_gpio.led3_cnt_q\[21\],6.6µm
_0347_,6.48µm
net183,6.48µm
_0063_,6.42µm
_0323_,6.4µm
_0187_,6.38µm
u_gpio.led1_cnt_d\[5\],6.38µm
_0289_,6.32µm
net167,6.32µm
_0004_,6.3µm
_0019_,6.3µm
net89,6.3µm
u_gpio.led4_cnt_d\[18\],6.26µm
_0299_,6.18µm
u_uart.tx_baud_cnt_q\[8\],6.16µm
u_coh.proc_idx_d\[0\],6.14µm
u_gpio.led0_cnt_d\[10\],6.14µm
u_uart.tx_baud_cnt_d\[0\],6.14µm
net151,6.14µm
net190,6.14µm
_0121_,6.105µm
net130,6.08µm
_0172_,6.06µm
net199,6.06µm
_0258_,6.02µm
_0298_,6.02µm
_0338_,5.94µm
_0170_,5.84µm
u_gpio.led1_cnt_d\[3\],5.84µm
u_gpio.led1_cnt_d\[6\],5.84µm
net121,5.84µm
_0389_,5.8µm
rst_sync_n_1,5.8µm
u_gpio.led3_cnt_d\[5\],5.8µm
u_gpio.led4_cnt_d\[3\],5.8µm
_0228_,5.74µm
_0292_,5.72µm
_0360_,5.72µm
u_gpio.led3_cnt_d\[10\],5.72µm
u_gpio.led3_cnt_d\[4\],5.72µm
u_uart.tx_baud_cnt_d\[7\],5.72µm
_0274_,5.68µm
_0420_,5.68µm
_0424_,5.68µm
net4,5.68µm
u_gpio.led0_cnt_d\[15\],5.68µm
u_gpio.led2_cnt_d\[11\],5.68µm
net174,5.68µm
_0056_,5.62µm
_0065_,5.6µm
net181,5.6µm
net114,5.58µm
net117,5.545µm
_0028_,5.5µm
_0045_,5.5µm
u_sram.u_sram.we,5.5µm
u_gpio.led1_cnt_d\[2\],5.46µm
u_gpio.led0_cnt_q\[20\],5.38µm
u_gpio.led3_cnt_q\[3\],5.38µm
u_uart.tx_shift_q\[1\],5.38µm
net124,5.38µm
_0248_,5.36µm
_0279_,5.36µm
net103,5.36µm
_0138_,5.305µm
_0267_,5.28µm
_0321_,5.26µm
_0363_,5.22µm
_0366_,5.22µm
u_gpio.led0_cnt_d\[11\],5.22µm
u_gpio.led0_cnt_d\[2\],5.22µm
_0013_,5.14µm
net185,5.14µm
u_gpio.led0_cnt_d\[12\],5.1µm
u_uart.tx_shift_q\[5\],5.1µm
_0095_,5.06µm
net141,5.06µm
_0037_,5.04µm
_0331_,5.02µm
_0033_,5µm
u_gpio.led1_cnt_d\[12\],5µm
_0393_,4.94µm
net112,4.94µm
_0008_,4.92µm
_0370_,4.92µm
u_gpio.led0_active,4.92µm
u_uart.tx_shift_q\[7\],4.92µm
net166,4.92µm
_0012_,4.88µm
per_core\[1\].u_dcache.line_valid_reg\[3\]\[0\],4.88µm
u_coh.proc_idx_d\[1\],4.88µm
u_gpio.led4_cnt_d\[20\],4.88µm
net196,4.88µm
_0225_,4.8µm
_0380_,4.78µm
_0242_,4.76µm
u_gpio.led1_active,4.76µm
_0119_,4.66µm
_0348_,4.56µm
_0362_,4.56µm
_0388_,4.56µm
u_gpio.led2_cnt_d\[19\],4.56µm
u_gpio.led2_cnt_q\[18\],4.56µm
net143,4.56µm
_0026_,4.46µm
_0332_,4.46µm
u_gpio.led0_cnt_d\[17\],4.46µm
u_gpio.led3_cnt_q\[14\],4.46µm
net168,4.46µm
_0124_,4.42µm
_0322_,4.42µm
u_gpio.led0_cnt_d\[14\],4.42µm
_0060_,4.34µm
_0280_,4.34µm
u_gpio.led2_active,4.34µm
u_gpio.led3_cnt_d\[0\],4.34µm
u_gpio.led3_cnt_q\[9\],4.34µm
net164,4.34µm
net200,4.34µm
u_gpio.led3_cnt_d\[19\],4.14µm
net188,4.14µm
_0041_,4.12µm
u_gpio.led3_cnt_d\[12\],4.12µm
_0376_,4.11µm
_0014_,4.1µm
_0333_,4.1µm
_0401_,4.1µm
_0419_,4.08µm
u_gpio.led2_cnt_d\[0\],4.08µm
_0047_,4µm
u_gpio.led0_cnt_d\[9\],4µm
u_gpio.led2_cnt_d\[9\],4µm
net171,4µm
net107,3.98µm
_0020_,3.88µm
_0059_,3.88µm
_0195_,3.88µm
u_gpio.led1_cnt_d\[18\],3.88µm
net88,3.88µm
net176,3.88µm
net163,3.78µm
per_core\[0\].u_dcache.line_valid_reg\[1\]\[0\],3.76µm
_0113_,3.68µm
u_gpio.led0_cnt_d\[21\],3.66µm
u_gpio.led3_cnt_d\[21\],3.66µm
u_gpio.led4_cnt_d\[4\],3.66µm
net110,3.66µm
_0295_,3.64µm
coh_status\[8\],3.64µm
per_core\[0\].u_core.rst_n,3.64µm
net120,3.64µm
_0048_,3.575µm
u_gpio.led4_cnt_d\[19\],3.565µm
_0076_,3.56µm
_0297_,3.56µm
_0340_,3.56µm
_0399_,3.56µm
_0025_,3.54µm
_0067_,3.54µm
net194,3.54µm
_0351_,3.42µm
net2,3.42µm
u_gpio.led1_cnt_d\[15\],3.42µm
u_uart.tx_baud_cnt_d\[5\],3.42µm
u_uart.tx_baud_cnt_d\[8\],3.42µm
net137,3.42µm
net132,3.415µm
net123,3.32µm
u_gpio.led4_cnt_d\[2\],3.265µm
_0153_,3.22µm
_0050_,3.2µm
u_gpio.led4_cnt_d\[15\],3.2µm
u_uart.tx_baud_cnt_d\[2\],3.2µm
_0057_,3.18µm
u_gpio.led0_cnt_d\[18\],3.18µm
_0325_,3.1µm
u_gpio.led1_cnt_d\[17\],3.1µm
u_gpio.led4_cnt_d\[6\],3.1µm
_0053_,3.08µm
_0263_,3.08µm
_0300_,3.08µm
u_gpio.led0_cnt_d\[6\],3.08µm
u_gpio.led1_cnt_d\[9\],3.08µm
u_gpio.led2_cnt_d\[12\],3.08µm
u_uart.tx_shift_q\[6\],3.08µm
net95,3.08µm
net169,3.08µm
net128,2.98µm
_0039_,2.96µm
_0349_,2.96µm
_0373_,2.96µm
_0377_,2.96µm
u_gpio.led0_cnt_d\[5\],2.96µm
u_gpio.led3_cnt_d\[6\],2.96µm
u_gpio.led3_cnt_d\[7\],2.96µm
u_gpio.led3_cnt_d\[8\],2.96µm
net91,2.96µm
_0155_,2.92µm
net131,2.86µm
_0397_,2.84µm
u_gpio.led0_cnt_d\[3\],2.76µm
u_gpio.led4_cnt_d\[12\],2.74µm
u_gpio.led4_cnt_d\[14\],2.74µm
u_gpio.led4_cnt_q\[18\],2.74µm
u_uart.tx_baud_cnt_d\[9\],2.74µm
_0022_,2.72µm
u_gpio.led1_cnt_d\[16\],2.72µm
u_gpio.led0_cnt_d\[0\],2.665µm
_0061_,2.645µm
_0051_,2.64µm
_0269_,2.64µm
_0354_,2.64µm
_0359_,2.64µm
u_gpio.led3_cnt_d\[13\],2.64µm
_0036_,2.62µm
_0345_,2.62µm
u_gpio.led1_cnt_d\[4\],2.62µm
u_gpio.led2_cnt_d\[14\],2.62µm
u_uart.tx_shift_q\[3\],2.62µm
u_uart.tx_shift_q\[9\],2.62µm
net179,2.62µm
net127,2.52µm
_0010_,2.5µm
_0334_,2.5µm
_0382_,2.5µm
u_gpio.led4_cnt_d\[1\],2.5µm
u_gpio.led4_cnt_d\[8\],2.5µm
net158,2.5µm
u_gpio.led4_cnt_d\[5\],2.345µm
_0270_,2.3µm
_0320_,2.3µm
u_gpio.led0_cnt_d\[20\],2.3µm
u_gpio.led2_cnt_d\[1\],2.3µm
u_gpio.led2_cnt_d\[2\],2.3µm
u_gpio.led3_cnt_d\[16\],2.3µm
u_gpio.led3_cnt_d\[1\],2.3µm
net98,2.3µm
net101,2.3µm
net118,2.3µm
net142,2.3µm
_0423_,2.28µm
u_gpio.led3_cnt_d\[20\],2.28µm
u_gpio.led4_cnt_d\[10\],2.28µm
u_gpio.led4_cnt_d\[13\],2.28µm
u_uart.tx_baud_cnt_d\[3\],2.28µm
_0277_,2.18µm
_0302_,2.18µm
_0021_,2.16µm
_0357_,2.16µm
u_coh.proc_core_q,2.16µm
u_gpio.led0_cnt_d\[1\],2.16µm
u_gpio.led1_cnt_d\[10\],2.16µm
u_gpio.led2_cnt_d\[18\],2.16µm
u_gpio.led2_cnt_d\[3\],2.16µm
u_gpio.led2_cnt_d\[5\],2.16µm
u_uart.tx_baud_cnt_d\[1\],2.16µm
_0141_,2.14µm
_0276_,2.04µm
u_gpio.led2_cnt_d\[13\],2.04µm
u_gpio.led2_cnt_d\[16\],2.04µm
u_gpio.led2_cnt_d\[21\],2.04µm
net193,2.04µm
_0000_,1.84µm
_0062_,1.84µm
_0070_,1.84µm
_0265_,1.84µm
net92,1.84µm
net96,1.84µm
net99,1.84µm
net150,1.84µm
_0054_,1.82µm
_0055_,1.82µm
net102,1.82µm
net180,1.82µm
_0402_,1.72µm
_0407_,1.72µm
net198,1.72µm
_0001_,1.7µm
_0273_,1.7µm
_0307_,1.7µm
u_gpio.led0_cnt_d\[13\],1.7µm
u_gpio.led1_cnt_d\[7\],1.7µm
u_gpio.led4_cnt_d\[21\],1.7µm
u_uart.tx_baud_cnt_d\[4\],1.7µm
_0260_,1.61µm
u_gpio.led0_cnt_d\[4\],1.425µm
_0149_,1.38µm
_0268_,1.38µm
_0324_,1.38µm
_0346_,1.38µm
_0367_,1.38µm
_0400_,1.38µm
net162,1.38µm
u_gpio.led3_cnt_d\[3\],1.36µm
net106,1.36µm
net105,1.14µm
_0040_,0.92µm
_0044_,0.92µm
_0259_,0.92µm
_0395_,0.92µm
_0404_,0.92µm
net93,0.92µm
net94,0.92µm
net153,0.92µm
net203,0.92µm
_0381_,0.46µm
net152,0.46µm
net184,0.46µm
