Instance,Terminal,Layer,X location,Y location,Voltage
FILLER_24_144,VPWR,li1,72.4500,78.8800,1.799980
FILLER_24_141,VPWR,li1,71.0700,78.8800,1.799980
FILLER_24_138,VPWR,li1,69.4600,78.8800,1.799980
FILLER_24_135,VPWR,li1,68.3100,78.8800,1.799980
FILLER_24_132,VPWR,li1,66.9300,78.8800,1.799980
FILLER_24_129,VPWR,li1,65.5500,78.8800,1.799980
FILLER_24_109,VPWR,li1,56.3500,78.8800,1.799981
FILLER_24_106,VPWR,li1,54.9700,78.8800,1.799981
FILLER_24_57,VPWR,li1,32.4300,78.8800,1.799988
FILLER_24_49,VPWR,li1,28.5200,78.8800,1.799990
FILLER_24_35,VPWR,li1,21.8500,78.8800,1.799993
FILLER_24_32,VPWR,li1,20.9300,78.8800,1.799993
FILLER_24_29,VPWR,li1,19.5500,78.8800,1.799993
FILLER_24_27,VPWR,li1,18.1700,78.8800,1.799993
FILLER_24_9,VPWR,li1,10.1200,78.8800,1.799992
FILLER_24_6,VPWR,li1,8.9700,78.8800,1.799992
FILLER_24_3,VPWR,li1,7.5900,78.8800,1.799992
FILLER_23_136,VPWR,li1,68.7700,73.4400,1.799952
FILLER_23_133,VPWR,li1,67.3900,73.4400,1.799952
FILLER_23_130,VPWR,li1,66.0100,73.4400,1.799952
FILLER_23_127,VPWR,li1,64.6300,73.4400,1.799952
FILLER_23_124,VPWR,li1,63.2500,73.4400,1.799952
FILLER_23_121,VPWR,li1,61.8700,73.4400,1.799952
FILLER_23_111,VPWR,li1,56.8100,73.4400,1.799953
FILLER_23_68,VPWR,li1,37.0300,73.4400,1.799966
FILLER_23_65,VPWR,li1,36.1100,73.4400,1.799966
FILLER_23_17,VPWR,li1,13.8000,73.4400,1.799978
FILLER_23_14,VPWR,li1,12.6500,73.4400,1.799978
FILLER_23_11,VPWR,li1,11.2700,73.4400,1.799978
FILLER_22_141,VPWR,li1,71.0700,73.4400,1.799952
FILLER_22_138,VPWR,li1,69.4600,73.4400,1.799952
FILLER_22_135,VPWR,li1,68.3100,73.4400,1.799952
FILLER_22_132,VPWR,li1,66.9300,73.4400,1.799952
FILLER_22_129,VPWR,li1,65.5500,73.4400,1.799952
FILLER_22_126,VPWR,li1,64.1700,73.4400,1.799952
FILLER_22_123,VPWR,li1,62.7900,73.4400,1.799952
FILLER_22_120,VPWR,li1,61.4100,73.4400,1.799952
FILLER_22_117,VPWR,li1,60.0300,73.4400,1.799952
FILLER_22_114,VPWR,li1,58.6500,73.4400,1.799952
FILLER_22_81,VPWR,li1,43.4700,73.4400,1.799959
FILLER_22_53,VPWR,li1,30.3600,73.4400,1.799971
FILLER_22_29,VPWR,li1,19.5500,73.4400,1.799979
FILLER_22_18,VPWR,li1,14.2600,73.4400,1.799978
FILLER_22_15,VPWR,li1,13.1100,73.4400,1.799978
FILLER_22_9,VPWR,li1,10.1200,73.4400,1.799978
FILLER_22_6,VPWR,li1,8.9700,73.4400,1.799978
FILLER_21_128,VPWR,li1,65.0900,68.0000,1.799912
FILLER_21_125,VPWR,li1,63.7100,68.0000,1.799912
FILLER_21_122,VPWR,li1,62.3300,68.0000,1.799913
FILLER_21_119,VPWR,li1,60.9500,68.0000,1.799913
FILLER_21_111,VPWR,li1,56.8100,68.0000,1.799915
FILLER_21_81,VPWR,li1,43.0100,68.0000,1.799924
FILLER_21_78,VPWR,li1,42.0900,68.0000,1.799924
FILLER_21_20,VPWR,li1,15.1800,68.0000,1.799968
FILLER_21_17,VPWR,li1,14.0300,68.0000,1.799968
FILLER_21_14,VPWR,li1,12.6500,68.0000,1.799967
FILLER_21_11,VPWR,li1,11.2700,68.0000,1.799967
FILLER_20_144,VPWR,li1,72.4500,68.0000,1.799910
FILLER_20_141,VPWR,li1,71.0700,68.0000,1.799910
FILLER_20_123,VPWR,li1,62.3300,68.0000,1.799913
FILLER_20_120,VPWR,li1,61.4100,68.0000,1.799913
FILLER_20_117,VPWR,li1,60.0300,68.0000,1.799914
FILLER_20_114,VPWR,li1,58.6500,68.0000,1.799914
FILLER_20_111,VPWR,li1,57.2700,68.0000,1.799915
FILLER_20_96,VPWR,li1,50.1400,68.0000,1.799918
FILLER_20_93,VPWR,li1,48.9900,68.0000,1.799918
FILLER_20_85,VPWR,li1,44.8500,68.0000,1.799922
FILLER_20_83,VPWR,li1,43.9300,68.0000,1.799922
FILLER_20_32,VPWR,li1,20.4700,68.0000,1.799969
FILLER_20_29,VPWR,li1,19.5500,68.0000,1.799968
FILLER_20_26,VPWR,li1,17.9400,68.0000,1.799968
FILLER_20_23,VPWR,li1,16.7900,68.0000,1.799968
FILLER_20_20,VPWR,li1,15.4100,68.0000,1.799968
FILLER_20_17,VPWR,li1,14.0300,68.0000,1.799968
FILLER_20_14,VPWR,li1,12.6500,68.0000,1.799967
FILLER_20_11,VPWR,li1,11.2700,68.0000,1.799967
FILLER_19_144,VPWR,li1,72.4500,62.5600,1.799919
FILLER_19_113,VPWR,li1,57.9600,62.5600,1.799923
FILLER_19_109,VPWR,li1,56.3500,62.5600,1.799924
FILLER_19_106,VPWR,li1,54.9700,62.5600,1.799926
FILLER_19_103,VPWR,li1,53.5900,62.5600,1.799926
FILLER_19_74,VPWR,li1,39.7900,62.5600,1.799943
FILLER_19_57,VPWR,li1,31.9700,62.5600,1.799957
FILLER_19_55,VPWR,li1,31.0500,62.5600,1.799957
FILLER_19_43,VPWR,li1,25.7600,62.5600,1.799968
FILLER_19_35,VPWR,li1,22.3100,62.5600,1.799978
FILLER_19_32,VPWR,li1,20.9300,62.5600,1.799978
FILLER_19_29,VPWR,li1,19.5500,62.5600,1.799978
FILLER_19_26,VPWR,li1,18.1700,62.5600,1.799978
FILLER_19_19,VPWR,li1,14.4900,62.5600,1.799978
FILLER_18_144,VPWR,li1,72.4500,62.5600,1.799919
FILLER_18_141,VPWR,li1,71.0700,62.5600,1.799919
FILLER_18_137,VPWR,li1,69.2300,62.5600,1.799919
FILLER_18_109,VPWR,li1,56.1200,62.5600,1.799924
FILLER_18_106,VPWR,li1,54.9700,62.5600,1.799926
FILLER_18_50,VPWR,li1,28.7500,62.5600,1.799964
FILLER_18_47,VPWR,li1,27.8300,62.5600,1.799964
FILLER_18_44,VPWR,li1,26.4500,62.5600,1.799968
FILLER_18_41,VPWR,li1,25.0700,62.5600,1.799972
FILLER_18_38,VPWR,li1,23.6900,62.5600,1.799972
FILLER_18_29,VPWR,li1,19.0900,62.5600,1.799978
FILLER_17_144,VPWR,li1,72.4500,57.1200,1.799730
FILLER_17_129,VPWR,li1,65.3200,57.1200,1.799730
FILLER_17_126,VPWR,li1,64.1700,57.1200,1.799730
FILLER_17_103,VPWR,li1,53.3600,57.1200,1.799736
FILLER_17_73,VPWR,li1,39.5600,57.1200,1.799785
FILLER_17_70,VPWR,li1,38.4100,57.1200,1.799795
FILLER_17_60,VPWR,li1,33.5800,57.1200,1.799823
FILLER_17_57,VPWR,li1,32.4300,57.1200,1.799823
FILLER_17_47,VPWR,li1,27.8300,57.1200,1.799847
FILLER_17_44,VPWR,li1,26.4500,57.1200,1.799862
FILLER_17_41,VPWR,li1,25.0700,57.1200,1.799862
FILLER_17_6,VPWR,li1,8.5100,57.1200,1.799885
FILLER_16_144,VPWR,li1,72.4500,57.1200,1.799730
FILLER_16_141,VPWR,li1,71.0700,57.1200,1.799730
FILLER_16_138,VPWR,li1,69.4600,57.1200,1.799730
FILLER_16_135,VPWR,li1,68.3100,57.1200,1.799730
FILLER_16_69,VPWR,li1,37.7200,57.1200,1.799795
FILLER_16_27,VPWR,li1,18.1700,57.1200,1.799889
FILLER_16_24,VPWR,li1,17.2500,57.1200,1.799889
FILLER_15_94,VPWR,li1,49.4500,51.6800,1.799894
FILLER_15_91,VPWR,li1,48.0700,51.6800,1.799894
FILLER_15_63,VPWR,li1,34.9600,51.6800,1.799920
FILLER_15_53,VPWR,li1,30.5900,51.6800,1.799931
FILLER_14_144,VPWR,li1,72.4500,51.6800,1.799877
FILLER_14_141,VPWR,li1,71.0700,51.6800,1.799877
FILLER_14_125,VPWR,li1,63.4800,51.6800,1.799877
FILLER_14_102,VPWR,li1,52.9000,51.6800,1.799886
FILLER_14_94,VPWR,li1,49.2200,51.6800,1.799894
FILLER_14_91,VPWR,li1,48.0700,51.6800,1.799894
FILLER_14_88,VPWR,li1,46.6900,51.6800,1.799897
FILLER_14_85,VPWR,li1,45.3100,51.6800,1.799901
FILLER_14_81,VPWR,li1,43.4700,51.6800,1.799906
FILLER_14_78,VPWR,li1,42.0900,51.6800,1.799906
FILLER_14_75,VPWR,li1,40.7100,51.6800,1.799911
FILLER_14_72,VPWR,li1,39.3300,51.6800,1.799911
FILLER_14_44,VPWR,li1,26.2200,51.6800,1.799942
FILLER_14_34,VPWR,li1,21.6200,51.6800,1.799953
FILLER_14_27,VPWR,li1,18.1700,51.6800,1.799949
FILLER_14_24,VPWR,li1,17.2500,51.6800,1.799949
FILLER_13_144,VPWR,li1,72.4500,46.2400,1.799835
FILLER_13_129,VPWR,li1,65.3200,46.2400,1.799835
FILLER_13_93,VPWR,li1,48.9900,46.2400,1.799840
FILLER_13_90,VPWR,li1,47.6100,46.2400,1.799842
FILLER_13_87,VPWR,li1,46.2300,46.2400,1.799842
FILLER_13_84,VPWR,li1,44.8500,46.2400,1.799843
FILLER_13_81,VPWR,li1,43.4700,46.2400,1.799844
FILLER_13_78,VPWR,li1,42.0900,46.2400,1.799844
FILLER_13_75,VPWR,li1,40.7100,46.2400,1.799846
FILLER_13_72,VPWR,li1,39.3300,46.2400,1.799846
FILLER_13_69,VPWR,li1,37.9500,46.2400,1.799860
FILLER_13_66,VPWR,li1,36.5700,46.2400,1.799860
FILLER_13_63,VPWR,li1,35.1900,46.2400,1.799874
FILLER_13_60,VPWR,li1,33.8100,46.2400,1.799874
FILLER_13_57,VPWR,li1,32.4300,46.2400,1.799883
FILLER_13_55,VPWR,li1,31.0500,46.2400,1.799893
FILLER_13_52,VPWR,li1,30.1300,46.2400,1.799893
FILLER_13_42,VPWR,li1,25.3000,46.2400,1.799917
FILLER_13_33,VPWR,li1,20.9300,46.2400,1.799941
FILLER_13_6,VPWR,li1,8.5100,46.2400,1.799940
FILLER_13_3,VPWR,li1,7.5900,46.2400,1.799940
FILLER_12_144,VPWR,li1,72.4500,46.2400,1.799835
FILLER_12_141,VPWR,li1,71.0700,46.2400,1.799835
FILLER_12_85,VPWR,li1,45.3100,46.2400,1.799843
FILLER_12_62,VPWR,li1,34.5000,46.2400,1.799874
FILLER_12_59,VPWR,li1,33.3500,46.2400,1.799883
FILLER_12_56,VPWR,li1,31.9700,46.2400,1.799883
FILLER_12_53,VPWR,li1,30.5900,46.2400,1.799893
FILLER_12_50,VPWR,li1,29.2100,46.2400,1.799906
FILLER_12_6,VPWR,li1,8.5100,46.2400,1.799940
FILLER_12_3,VPWR,li1,7.5900,46.2400,1.799940
FILLER_11_144,VPWR,li1,72.4500,40.8000,1.799904
FILLER_11_113,VPWR,li1,57.9600,40.8000,1.799906
FILLER_11_78,VPWR,li1,42.0900,40.8000,1.799923
FILLER_11_66,VPWR,li1,36.1100,40.8000,1.799935
FILLER_11_63,VPWR,li1,35.1900,40.8000,1.799935
FILLER_11_60,VPWR,li1,33.8100,40.8000,1.799940
FILLER_11_57,VPWR,li1,32.4300,40.8000,1.799940
FILLER_11_53,VPWR,li1,30.5900,40.8000,1.799943
FILLER_11_50,VPWR,li1,29.2100,40.8000,1.799950
FILLER_11_47,VPWR,li1,27.8300,40.8000,1.799950
FILLER_11_44,VPWR,li1,26.4500,40.8000,1.799954
FILLER_11_25,VPWR,li1,17.7100,40.8000,1.799960
FILLER_11_3,VPWR,li1,7.1300,40.8000,1.799953
FILLER_10_139,VPWR,li1,69.6900,40.8000,1.799904
FILLER_10_136,VPWR,li1,68.7700,40.8000,1.799904
FILLER_10_93,VPWR,li1,48.5300,40.8000,1.799913
FILLER_10_67,VPWR,li1,37.0300,40.8000,1.799932
FILLER_10_43,VPWR,li1,25.9900,40.8000,1.799954
FILLER_10_32,VPWR,li1,20.9300,40.8000,1.799962
FILLER_10_29,VPWR,li1,19.5500,40.8000,1.799962
FILLER_10_25,VPWR,li1,17.7100,40.8000,1.799960
FILLER_10_3,VPWR,li1,7.1300,40.8000,1.799953
FILLER_9_145,VPWR,li1,72.6800,35.3600,1.799879
FILLER_9_121,VPWR,li1,61.8700,35.3600,1.799882
FILLER_9_72,VPWR,li1,39.3300,35.3600,1.799915
FILLER_9_57,VPWR,li1,32.2000,35.3600,1.799932
FILLER_9_41,VPWR,li1,24.8400,35.3600,1.799952
FILLER_9_24,VPWR,li1,16.7900,35.3600,1.799960
FILLER_8_144,VPWR,li1,72.4500,35.3600,1.799879
FILLER_8_141,VPWR,li1,71.0700,35.3600,1.799879
FILLER_8_83,VPWR,li1,43.9300,35.3600,1.799906
FILLER_8_80,VPWR,li1,43.0100,35.3600,1.799910
FILLER_8_37,VPWR,li1,23.0000,35.3600,1.799957
FILLER_8_6,VPWR,li1,8.5100,35.3600,1.799957
FILLER_8_3,VPWR,li1,7.5900,35.3600,1.799957
FILLER_7_53,VPWR,li1,30.5900,29.9200,1.799779
FILLER_7_37,VPWR,li1,22.7700,29.9200,1.799864
FILLER_7_34,VPWR,li1,21.8500,29.9200,1.799889
FILLER_7_31,VPWR,li1,20.4700,29.9200,1.799889
FILLER_7_28,VPWR,li1,19.0900,29.9200,1.799889
FILLER_7_6,VPWR,li1,8.5100,29.9200,1.799887
FILLER_7_3,VPWR,li1,7.5900,29.9200,1.799887
FILLER_6_116,VPWR,li1,59.5700,29.9200,1.799611
FILLER_6_85,VPWR,li1,45.3100,29.9200,1.799670
FILLER_6_19,VPWR,li1,14.4900,29.9200,1.799888
FILLER_5_125,VPWR,li1,63.2500,24.4800,1.799858
FILLER_5_116,VPWR,li1,59.1100,24.4800,1.799864
FILLER_5_113,VPWR,li1,58.1900,24.4800,1.799868
FILLER_5_111,VPWR,li1,56.8100,24.4800,1.799868
FILLER_5_80,VPWR,li1,42.7800,24.4800,1.799898
FILLER_5_77,VPWR,li1,41.6300,24.4800,1.799905
FILLER_5_60,VPWR,li1,33.3500,24.4800,1.799925
FILLER_5_57,VPWR,li1,32.4300,24.4800,1.799930
FILLER_5_31,VPWR,li1,20.0100,24.4800,1.799964
FILLER_5_28,VPWR,li1,19.0900,24.4800,1.799963
FILLER_5_17,VPWR,li1,14.0300,24.4800,1.799963
FILLER_5_14,VPWR,li1,12.6500,24.4800,1.799963
FILLER_5_11,VPWR,li1,11.2700,24.4800,1.799963
FILLER_4_144,VPWR,li1,72.4500,24.4800,1.799852
FILLER_4_141,VPWR,li1,71.0700,24.4800,1.799852
FILLER_4_118,VPWR,li1,60.0300,24.4800,1.799864
FILLER_4_85,VPWR,li1,44.8500,24.4800,1.799892
FILLER_4_81,VPWR,li1,43.4700,24.4800,1.799898
FILLER_4_29,VPWR,li1,19.5500,24.4800,1.799963
FILLER_4_27,VPWR,li1,18.1700,24.4800,1.799963
FILLER_4_24,VPWR,li1,17.2500,24.4800,1.799963
FILLER_4_21,VPWR,li1,15.8700,24.4800,1.799963
FILLER_4_18,VPWR,li1,14.4900,24.4800,1.799963
FILLER_4_15,VPWR,li1,13.1100,24.4800,1.799963
FILLER_4_12,VPWR,li1,11.7300,24.4800,1.799963
FILLER_4_9,VPWR,li1,10.3500,24.4800,1.799963
FILLER_4_6,VPWR,li1,8.9700,24.4800,1.799963
FILLER_4_3,VPWR,li1,7.5900,24.4800,1.799963
FILLER_3_129,VPWR,li1,65.3200,19.0400,1.799889
FILLER_3_57,VPWR,li1,32.4300,19.0400,1.799938
FILLER_3_21,VPWR,li1,15.4100,19.0400,1.799967
FILLER_3_18,VPWR,li1,14.4900,19.0400,1.799967
FILLER_3_15,VPWR,li1,13.1100,19.0400,1.799967
FILLER_3_12,VPWR,li1,11.7300,19.0400,1.799967
FILLER_3_9,VPWR,li1,10.3500,19.0400,1.799967
FILLER_3_6,VPWR,li1,8.9700,19.0400,1.799967
FILLER_2_144,VPWR,li1,72.4500,19.0400,1.799888
FILLER_2_141,VPWR,li1,71.0700,19.0400,1.799888
FILLER_2_138,VPWR,li1,69.4600,19.0400,1.799888
FILLER_2_135,VPWR,li1,68.3100,19.0400,1.799888
FILLER_2_70,VPWR,li1,37.9500,19.0400,1.799926
FILLER_2_29,VPWR,li1,19.3200,19.0400,1.799968
FILLER_2_18,VPWR,li1,14.2600,19.0400,1.799967
FILLER_2_15,VPWR,li1,13.1100,19.0400,1.799967
FILLER_2_12,VPWR,li1,11.7300,19.0400,1.799967
FILLER_2_9,VPWR,li1,10.3500,19.0400,1.799967
FILLER_2_6,VPWR,li1,8.9700,19.0400,1.799967
FILLER_1_146,VPWR,li1,72.9100,13.6000,1.799884
FILLER_1_91,VPWR,li1,47.8400,13.6000,1.799914
FILLER_1_80,VPWR,li1,43.0100,13.6000,1.799924
FILLER_1_77,VPWR,li1,41.6300,13.6000,1.799928
FILLER_1_63,VPWR,li1,34.7300,13.6000,1.799941
FILLER_1_60,VPWR,li1,33.8100,13.6000,1.799941
FILLER_1_57,VPWR,li1,32.4300,13.6000,1.799946
FILLER_1_54,VPWR,li1,30.8200,13.6000,1.799950
FILLER_1_51,VPWR,li1,29.6700,13.6000,1.799950
FILLER_1_12,VPWR,li1,11.5000,13.6000,1.799964
FILLER_1_9,VPWR,li1,10.3500,13.6000,1.799964
FILLER_1_6,VPWR,li1,8.9700,13.6000,1.799964
FILLER_1_3,VPWR,li1,7.5900,13.6000,1.799964
FILLER_0_146,VPWR,li1,72.9100,13.6000,1.799884
FILLER_0_110,VPWR,li1,56.5800,13.6000,1.799900
FILLER_0_95,VPWR,li1,49.6800,13.6000,1.799910
FILLER_0_85,VPWR,li1,45.0800,13.6000,1.799920
FILLER_0_74,VPWR,li1,40.0200,13.6000,1.799928
FILLER_0_71,VPWR,li1,38.8700,13.6000,1.799933
FILLER_0_57,VPWR,li1,31.9700,13.6000,1.799946
FILLER_0_45,VPWR,li1,26.9100,13.6000,1.799955
FILLER_0_29,VPWR,li1,19.5500,13.6000,1.799966
FILLER_0_3,VPWR,li1,7.1300,13.6000,1.799964
hold104,VPWR,li1,54.7400,73.4400,1.799953
hold103,VPWR,li1,39.1000,73.4400,1.799963
hold102,VPWR,li1,62.1000,24.4800,1.799861
hold101,VPWR,li1,29.4400,24.4800,1.799937
hold100,VPWR,li1,33.5800,73.4400,1.799968
hold99,VPWR,li1,59.3400,19.0400,1.799893
hold98,VPWR,li1,28.0600,29.9200,1.799817
hold97,VPWR,li1,54.7400,68.0000,1.799916
hold96,VPWR,li1,61.1800,24.4800,1.799861
hold95,VPWR,li1,70.8400,13.6000,1.799884
hold94,VPWR,li1,23.4600,40.8000,1.799964
hold93,VPWR,li1,57.9600,24.4800,1.799868
hold92,VPWR,li1,54.7400,24.4800,1.799871
hold91,VPWR,li1,47.8400,40.8000,1.799915
hold90,VPWR,li1,21.1600,62.5600,1.799978
hold89,VPWR,li1,35.8800,57.1200,1.799813
hold88,VPWR,li1,16.5600,35.3600,1.799960
hold87,VPWR,li1,46.4600,40.8000,1.799915
hold86,VPWR,li1,23.9200,51.6800,1.799948
hold85,VPWR,li1,27.1400,35.3600,1.799945
clkload2,VPWR,li1,46.2300,51.6800,1.799897
clkload1,VPWR,li1,51.0600,51.6800,1.799888
clkload0,VPWR,li1,24.6100,35.3600,1.799952
clkbuf_2_3__f_clk,VPWR,li1,48.3000,57.1200,1.799739
clkbuf_2_2__f_clk,VPWR,li1,26.6800,57.1200,1.799862
clkbuf_2_1__f_clk,VPWR,li1,54.2800,29.9200,1.799619
clkbuf_2_0__f_clk,VPWR,li1,33.5800,29.9200,1.799747
clkbuf_0_clk,VPWR,li1,39.5600,46.2400,1.799846
riscv_soc_top,VPWR,li1,7.5900,73.4400,1.799978
max_cap79,VPWR,li1,69.4600,19.0400,1.799888
output78,VPWR,li1,66.7000,13.6000,1.799884
output77,VPWR,li1,12.4200,62.5600,1.799977
output76,VPWR,li1,8.7400,62.5600,1.799977
output75,VPWR,li1,16.5600,29.9200,1.799888
output74,VPWR,li1,16.5600,29.9200,1.799888
output73,VPWR,li1,38.6400,78.8800,1.799985
output72,VPWR,li1,8.7400,24.4800,1.799963
output71,VPWR,li1,63.0200,19.0400,1.799891
output70,VPWR,li1,17.4800,13.6000,1.799965
output69,VPWR,li1,62.1000,19.0400,1.799891
output68,VPWR,li1,40.9400,24.4800,1.799905
output67,VPWR,li1,47.3800,13.6000,1.799914
output66,VPWR,li1,16.5600,13.6000,1.799965
output65,VPWR,li1,39.1000,24.4800,1.799913
output64,VPWR,li1,13.8000,13.6000,1.799964
output63,VPWR,li1,9.2000,13.6000,1.799964
output62,VPWR,li1,51.5200,46.2400,1.799839
output61,VPWR,li1,51.5200,40.8000,1.799911
output60,VPWR,li1,59.3400,13.6000,1.799893
output59,VPWR,li1,65.7800,19.0400,1.799889
output58,VPWR,li1,65.3200,13.6000,1.799884
output57,VPWR,li1,51.0600,46.2400,1.799839
output56,VPWR,li1,63.9400,40.8000,1.799905
output55,VPWR,li1,62.1000,46.2400,1.799836
output54,VPWR,li1,67.6200,68.0000,1.799910
output53,VPWR,li1,64.4000,68.0000,1.799912
output52,VPWR,li1,71.3000,68.0000,1.799910
output51,VPWR,li1,60.2600,62.5600,1.799921
output50,VPWR,li1,59.3400,78.8800,1.799980
output49,VPWR,li1,56.1200,73.4400,1.799953
output48,VPWR,li1,63.0200,13.6000,1.799888
output47,VPWR,li1,42.3200,78.8800,1.799984
output46,VPWR,li1,19.7800,73.4400,1.799979
output45,VPWR,li1,41.8600,68.0000,1.799924
output44,VPWR,li1,12.4200,78.8800,1.799992
output43,VPWR,li1,16.5600,46.2400,1.799940
output42,VPWR,li1,8.7400,51.6800,1.799944
output41,VPWR,li1,20.7000,35.3600,1.799963
output40,VPWR,li1,22.5400,35.3600,1.799957
output39,VPWR,li1,37.7200,62.5600,1.799945
output38,VPWR,li1,12.4200,29.9200,1.799887
output37,VPWR,li1,47.8400,29.9200,1.799655
output36,VPWR,li1,8.7400,68.0000,1.799967
output35,VPWR,li1,8.7400,73.4400,1.799978
input34,VPWR,li1,29.4400,13.6000,1.799950
input33,VPWR,li1,71.7600,29.9200,1.799604
input32,VPWR,li1,40.0200,29.9200,1.799715
input31,VPWR,li1,45.5400,13.6000,1.799920
input30,VPWR,li1,12.8800,13.6000,1.799964
input29,VPWR,li1,27.1400,29.9200,1.799817
input28,VPWR,li1,33.5800,29.9200,1.799747
input27,VPWR,li1,16.5600,19.0400,1.799967
input26,VPWR,li1,49.2200,35.3600,1.799896
input25,VPWR,li1,55.2000,40.8000,1.799907
input24,VPWR,li1,45.5400,35.3600,1.799906
input23,VPWR,li1,41.8600,35.3600,1.799910
input22,VPWR,li1,50.6000,40.8000,1.799911
input21,VPWR,li1,54.7400,46.2400,1.799837
input20,VPWR,li1,58.4200,46.2400,1.799836
input19,VPWR,li1,55.2000,46.2400,1.799837
input18,VPWR,li1,68.0800,68.0000,1.799910
input17,VPWR,li1,71.3000,73.4400,1.799952
input16,VPWR,li1,63.9400,62.5600,1.799919
input15,VPWR,li1,59.3400,73.4400,1.799952
input14,VPWR,li1,63.0200,78.8800,1.799980
input13,VPWR,li1,46.4600,78.8800,1.799983
input12,VPWR,li1,42.3200,40.8000,1.799923
input11,VPWR,li1,34.9600,78.8800,1.799987
input10,VPWR,li1,16.1000,73.4400,1.799979
input9,VPWR,li1,16.5600,73.4400,1.799979
input8,VPWR,li1,16.1000,78.8800,1.799992
input7,VPWR,li1,8.7400,68.0000,1.799967
input6,VPWR,li1,8.7400,62.5600,1.799977
input5,VPWR,li1,8.7400,29.9200,1.799887
input4,VPWR,li1,27.6000,46.2400,1.799906
input3,VPWR,li1,18.8600,35.3600,1.799961
input2,VPWR,li1,16.5600,24.4800,1.799963
input1,VPWR,li1,42.3200,13.6000,1.799924
riscv_soc_top_83,VPWR,li1,69.2300,13.6000,1.799884
riscv_soc_top_82,VPWR,li1,72.4500,73.4400,1.799952
riscv_soc_top_81,VPWR,li1,7.5900,19.0400,1.799967
riscv_soc_top_80,VPWR,li1,7.5900,57.1200,1.799885
riscv_soc_top_84,VPWR,li1,7.5900,19.0400,1.799967
TAP_TAPCELL_ROW_24_116,VPWR,li1,70.1500,78.5730,1.799980
TAP_TAPCELL_ROW_24_115,VPWR,li1,57.2700,78.5730,1.799981
TAP_TAPCELL_ROW_24_114,VPWR,li1,44.3900,78.5730,1.799983
TAP_TAPCELL_ROW_24_113,VPWR,li1,31.5100,78.5730,1.799988
TAP_TAPCELL_ROW_24_112,VPWR,li1,18.6300,78.5730,1.799993
TAP_TAPCELL_ROW_23_111,VPWR,li1,57.2700,73.7460,1.799953
TAP_TAPCELL_ROW_23_110,VPWR,li1,31.5100,73.7460,1.799971
TAP_TAPCELL_ROW_22_109,VPWR,li1,70.1500,73.1330,1.799952
TAP_TAPCELL_ROW_22_108,VPWR,li1,44.3900,73.1330,1.799959
TAP_TAPCELL_ROW_22_107,VPWR,li1,18.6300,73.1330,1.799979
TAP_TAPCELL_ROW_21_106,VPWR,li1,57.2700,68.3060,1.799915
TAP_TAPCELL_ROW_21_105,VPWR,li1,31.5100,68.3060,1.799939
TAP_TAPCELL_ROW_20_104,VPWR,li1,70.1500,67.6930,1.799910
TAP_TAPCELL_ROW_20_103,VPWR,li1,44.3900,67.6930,1.799922
TAP_TAPCELL_ROW_20_102,VPWR,li1,18.6300,67.6930,1.799968
TAP_TAPCELL_ROW_19_101,VPWR,li1,57.2700,62.8660,1.799924
TAP_TAPCELL_ROW_19_100,VPWR,li1,31.5100,62.8660,1.799957
TAP_TAPCELL_ROW_18_99,VPWR,li1,70.1500,62.2530,1.799919
TAP_TAPCELL_ROW_18_98,VPWR,li1,44.3900,62.2530,1.799936
TAP_TAPCELL_ROW_18_97,VPWR,li1,18.6300,62.2530,1.799978
TAP_TAPCELL_ROW_17_96,VPWR,li1,57.2700,57.4260,1.799733
TAP_TAPCELL_ROW_17_95,VPWR,li1,31.5100,57.4260,1.799836
TAP_TAPCELL_ROW_16_94,VPWR,li1,70.1500,56.8130,1.799730
TAP_TAPCELL_ROW_16_93,VPWR,li1,44.3900,56.8130,1.799759
TAP_TAPCELL_ROW_16_92,VPWR,li1,18.6300,56.8130,1.799889
TAP_TAPCELL_ROW_15_91,VPWR,li1,57.2700,51.9860,1.799881
TAP_TAPCELL_ROW_15_90,VPWR,li1,31.5100,51.9860,1.799931
TAP_TAPCELL_ROW_14_89,VPWR,li1,70.1500,51.3730,1.799877
TAP_TAPCELL_ROW_14_88,VPWR,li1,44.3900,51.3730,1.799901
TAP_TAPCELL_ROW_14_87,VPWR,li1,18.6300,51.3730,1.799949
TAP_TAPCELL_ROW_13_86,VPWR,li1,57.2700,46.5460,1.799836
TAP_TAPCELL_ROW_13_85,VPWR,li1,31.5100,46.5460,1.799893
TAP_TAPCELL_ROW_12_84,VPWR,li1,70.1500,45.9330,1.799835
TAP_TAPCELL_ROW_12_83,VPWR,li1,44.3900,45.9330,1.799843
TAP_TAPCELL_ROW_12_82,VPWR,li1,18.6300,45.9330,1.799941
TAP_TAPCELL_ROW_11_81,VPWR,li1,57.2700,41.1060,1.799906
TAP_TAPCELL_ROW_11_80,VPWR,li1,31.5100,41.1060,1.799943
TAP_TAPCELL_ROW_10_79,VPWR,li1,70.1500,40.4930,1.799904
TAP_TAPCELL_ROW_10_78,VPWR,li1,44.3900,40.4930,1.799919
TAP_TAPCELL_ROW_10_77,VPWR,li1,18.6300,40.4930,1.799960
TAP_TAPCELL_ROW_9_76,VPWR,li1,57.2700,35.6660,1.799886
TAP_TAPCELL_ROW_9_75,VPWR,li1,31.5100,35.6660,1.799937
TAP_TAPCELL_ROW_8_74,VPWR,li1,70.1500,35.0530,1.799879
TAP_TAPCELL_ROW_8_73,VPWR,li1,44.3900,35.0530,1.799906
TAP_TAPCELL_ROW_8_72,VPWR,li1,18.6300,35.0530,1.799961
TAP_TAPCELL_ROW_7_71,VPWR,li1,57.2700,30.2260,1.799614
TAP_TAPCELL_ROW_7_70,VPWR,li1,31.5100,30.2260,1.799779
TAP_TAPCELL_ROW_6_69,VPWR,li1,70.1500,29.6130,1.799604
TAP_TAPCELL_ROW_6_68,VPWR,li1,44.3900,29.6130,1.799685
TAP_TAPCELL_ROW_6_67,VPWR,li1,18.6300,29.6130,1.799889
TAP_TAPCELL_ROW_5_66,VPWR,li1,57.2700,24.7860,1.799868
TAP_TAPCELL_ROW_5_65,VPWR,li1,31.5100,24.7860,1.799930
TAP_TAPCELL_ROW_4_64,VPWR,li1,70.1500,24.1730,1.799852
TAP_TAPCELL_ROW_4_63,VPWR,li1,44.3900,24.1730,1.799898
TAP_TAPCELL_ROW_4_62,VPWR,li1,18.6300,24.1730,1.799963
TAP_TAPCELL_ROW_3_61,VPWR,li1,57.2700,19.3460,1.799894
TAP_TAPCELL_ROW_3_60,VPWR,li1,31.5100,19.3460,1.799938
TAP_TAPCELL_ROW_2_59,VPWR,li1,70.1500,18.7330,1.799888
TAP_TAPCELL_ROW_2_58,VPWR,li1,44.3900,18.7330,1.799916
TAP_TAPCELL_ROW_2_57,VPWR,li1,18.6300,18.7330,1.799968
TAP_TAPCELL_ROW_1_56,VPWR,li1,57.2700,13.9060,1.799900
TAP_TAPCELL_ROW_1_55,VPWR,li1,31.5100,13.9060,1.799946
TAP_TAPCELL_ROW_0_54,VPWR,li1,70.1500,13.2930,1.799884
TAP_TAPCELL_ROW_0_53,VPWR,li1,57.2700,13.2930,1.799900
TAP_TAPCELL_ROW_0_52,VPWR,li1,44.3900,13.2930,1.799920
TAP_TAPCELL_ROW_0_51,VPWR,li1,31.5100,13.2930,1.799946
TAP_TAPCELL_ROW_0_50,VPWR,li1,18.6300,13.2930,1.799966
PHY_EDGE_ROW_24_Left_49,VPWR,li1,6.2100,78.8800,1.799992
PHY_EDGE_ROW_23_Left_48,VPWR,li1,6.2100,73.4400,1.799978
PHY_EDGE_ROW_22_Left_47,VPWR,li1,6.2100,73.4400,1.799978
PHY_EDGE_ROW_21_Left_46,VPWR,li1,6.2100,68.0000,1.799967
PHY_EDGE_ROW_20_Left_45,VPWR,li1,6.2100,68.0000,1.799967
PHY_EDGE_ROW_19_Left_44,VPWR,li1,6.2100,62.5600,1.799977
PHY_EDGE_ROW_18_Left_43,VPWR,li1,6.2100,62.5600,1.799977
PHY_EDGE_ROW_17_Left_42,VPWR,li1,6.2100,57.1200,1.799885
PHY_EDGE_ROW_16_Left_41,VPWR,li1,6.2100,57.1200,1.799885
PHY_EDGE_ROW_15_Left_40,VPWR,li1,6.2100,51.6800,1.799944
PHY_EDGE_ROW_14_Left_39,VPWR,li1,6.2100,51.6800,1.799944
PHY_EDGE_ROW_13_Left_38,VPWR,li1,6.2100,46.2400,1.799940
PHY_EDGE_ROW_12_Left_37,VPWR,li1,6.2100,46.2400,1.799940
PHY_EDGE_ROW_11_Left_36,VPWR,li1,6.2100,40.8000,1.799953
PHY_EDGE_ROW_10_Left_35,VPWR,li1,6.2100,40.8000,1.799953
PHY_EDGE_ROW_9_Left_34,VPWR,li1,6.2100,35.3600,1.799957
PHY_EDGE_ROW_8_Left_33,VPWR,li1,6.2100,35.3600,1.799957
PHY_EDGE_ROW_7_Left_32,VPWR,li1,6.2100,29.9200,1.799887
PHY_EDGE_ROW_6_Left_31,VPWR,li1,6.2100,29.9200,1.799887
PHY_EDGE_ROW_5_Left_30,VPWR,li1,6.2100,24.4800,1.799963
PHY_EDGE_ROW_4_Left_29,VPWR,li1,6.2100,24.4800,1.799963
PHY_EDGE_ROW_3_Left_28,VPWR,li1,6.2100,19.0400,1.799967
PHY_EDGE_ROW_2_Left_27,VPWR,li1,6.2100,19.0400,1.799967
PHY_EDGE_ROW_1_Left_26,VPWR,li1,6.2100,13.6000,1.799964
PHY_EDGE_ROW_0_Left_25,VPWR,li1,6.2100,13.6000,1.799964
PHY_EDGE_ROW_24_Right_24,VPWR,li1,73.8300,78.8800,1.799980
PHY_EDGE_ROW_23_Right_23,VPWR,li1,73.8300,73.4400,1.799952
PHY_EDGE_ROW_22_Right_22,VPWR,li1,73.8300,73.4400,1.799952
PHY_EDGE_ROW_21_Right_21,VPWR,li1,73.8300,68.0000,1.799910
PHY_EDGE_ROW_20_Right_20,VPWR,li1,73.8300,68.0000,1.799910
PHY_EDGE_ROW_19_Right_19,VPWR,li1,73.8300,62.5600,1.799919
PHY_EDGE_ROW_18_Right_18,VPWR,li1,73.8300,62.5600,1.799919
PHY_EDGE_ROW_17_Right_17,VPWR,li1,73.8300,57.1200,1.799730
PHY_EDGE_ROW_16_Right_16,VPWR,li1,73.8300,57.1200,1.799730
PHY_EDGE_ROW_15_Right_15,VPWR,li1,73.8300,51.6800,1.799877
PHY_EDGE_ROW_14_Right_14,VPWR,li1,73.8300,51.6800,1.799877
PHY_EDGE_ROW_13_Right_13,VPWR,li1,73.8300,46.2400,1.799835
PHY_EDGE_ROW_12_Right_12,VPWR,li1,73.8300,46.2400,1.799835
PHY_EDGE_ROW_11_Right_11,VPWR,li1,73.8300,40.8000,1.799904
PHY_EDGE_ROW_10_Right_10,VPWR,li1,73.8300,40.8000,1.799904
PHY_EDGE_ROW_9_Right_9,VPWR,li1,73.8300,35.3600,1.799879
PHY_EDGE_ROW_8_Right_8,VPWR,li1,73.8300,35.3600,1.799879
PHY_EDGE_ROW_7_Right_7,VPWR,li1,73.8300,29.9200,1.799604
PHY_EDGE_ROW_6_Right_6,VPWR,li1,73.8300,29.9200,1.799604
PHY_EDGE_ROW_5_Right_5,VPWR,li1,73.8300,24.4800,1.799852
PHY_EDGE_ROW_4_Right_4,VPWR,li1,73.8300,24.4800,1.799852
PHY_EDGE_ROW_3_Right_3,VPWR,li1,73.8300,19.0400,1.799888
PHY_EDGE_ROW_2_Right_2,VPWR,li1,73.8300,19.0400,1.799888
PHY_EDGE_ROW_1_Right_1,VPWR,li1,73.8300,13.6000,1.799884
PHY_EDGE_ROW_0_Right_0,VPWR,li1,73.8300,13.6000,1.799884
_235_,VPWR,li1,68.0800,13.6000,1.799884
_234_,VPWR,li1,11.5000,62.5600,1.799977
_233_,VPWR,li1,11.5000,73.4400,1.799978
_226_,VPWR,li1,11.7300,51.6800,1.799944
_225_,VPWR,li1,11.7300,57.1200,1.799885
_224_,VPWR,li1,12.1900,40.8000,1.799953
_223_,VPWR,li1,12.1900,40.8000,1.799953
_222_,VPWR,li1,33.8100,62.5600,1.799951
_221_,VPWR,li1,11.7300,35.3600,1.799957
_220_,VPWR,li1,49.4500,35.3600,1.799896
_219_,VPWR,li1,65.0900,29.9200,1.799605
_218_,VPWR,li1,67.3900,35.3600,1.799879
_217_,VPWR,li1,62.3300,29.9200,1.799607
_216_,VPWR,li1,59.1100,35.3600,1.799884
_215_,VPWR,li1,57.2700,40.8000,1.799906
_214_,VPWR,li1,58.1900,51.6800,1.799881
_213_,VPWR,li1,62.3300,51.6800,1.799877
_212_,VPWR,li1,62.7900,57.1200,1.799730
_211_,VPWR,li1,63.7100,62.5600,1.799919
_210_,VPWR,li1,49.4500,57.1200,1.799739
_209_,VPWR,li1,49.4500,62.5600,1.799931
_208_,VPWR,li1,48.0700,68.0000,1.799919
_207_,VPWR,li1,49.4500,73.4400,1.799954
_206_,VPWR,li1,36.5700,68.0000,1.799931
_205_,VPWR,li1,31.5100,68.0000,1.799939
_204_,VPWR,li1,26.4500,68.0000,1.799951
_203_,VPWR,li1,25.0700,73.4400,1.799976
_202_,VPWR,li1,25.0700,51.6800,1.799948
_201_,VPWR,li1,19.5500,57.1200,1.799890
_200_,VPWR,li1,15.4100,51.6800,1.799947
_199_,VPWR,li1,23.6900,46.2400,1.799929
_198_,VPWR,li1,33.8100,51.6800,1.799924
_197_,VPWR,li1,31.5100,40.8000,1.799943
_196_,VPWR,li1,37.4900,35.3600,1.799919
_195_,VPWR,li1,46.2300,29.9200,1.799670
_194_,VPWR,li1,32.8900,19.0400,1.799938
_193_,VPWR,li1,31.0500,24.4800,1.799937
_192_,VPWR,li1,26.4500,19.0400,1.799955
_191_,VPWR,li1,24.1500,13.6000,1.799961
_190_,VPWR,li1,49.9100,19.0400,1.799903
_189_,VPWR,li1,55.4300,19.0400,1.799896
_188_,VPWR,li1,51.2900,24.4800,1.799876
_187_,VPWR,li1,48.0700,24.4800,1.799883
_186_,VPWR,li1,68.3100,24.4800,1.799852
_185_,VPWR,li1,66.9300,24.4800,1.799852
_184_,VPWR,li1,65.0900,40.8000,1.799905
_183_,VPWR,li1,54.0500,35.3600,1.799890
_182_,VPWR,li1,60.2600,40.8000,1.799905
_181_,VPWR,li1,59.3400,35.3600,1.799884
_180_,VPWR,li1,34.0400,35.3600,1.799927
_179_,VPWR,li1,71.7600,40.8000,1.799904
_178_,VPWR,li1,55.8900,19.0400,1.799896
_177_,VPWR,li1,39.1000,40.8000,1.799928
_176_,VPWR,li1,47.6100,46.2400,1.799842
_175_,VPWR,li1,54.9700,51.6800,1.799884
_174_,VPWR,li1,63.0200,46.2400,1.799836
_173_,VPWR,li1,56.1200,57.1200,1.799734
_172_,VPWR,li1,59.3400,46.2400,1.799836
_171_,VPWR,li1,57.7300,62.5600,1.799924
_170_,VPWR,li1,51.5200,51.6800,1.799888
_169_,VPWR,li1,55.4300,57.1200,1.799734
_168_,VPWR,li1,60.4900,57.1200,1.799731
_167_,VPWR,li1,41.8600,57.1200,1.799773
_166_,VPWR,li1,43.2400,51.6800,1.799906
_165_,VPWR,li1,45.0800,62.5600,1.799936
_164_,VPWR,li1,42.3200,57.1200,1.799773
_163_,VPWR,li1,42.7800,62.5600,1.799940
_162_,VPWR,li1,51.5200,62.5600,1.799928
_161_,VPWR,li1,39.3300,57.1200,1.799795
_160_,VPWR,li1,40.0200,62.5600,1.799943
_159_,VPWR,li1,48.5300,62.5600,1.799931
_158_,VPWR,li1,41.6300,62.5600,1.799940
_157_,VPWR,li1,58.8800,68.0000,1.799914
_156_,VPWR,li1,46.6900,68.0000,1.799919
_155_,VPWR,li1,43.9300,73.4400,1.799959
_154_,VPWR,li1,23.4600,73.4400,1.799981
_153_,VPWR,li1,37.2600,51.6800,1.799916
_152_,VPWR,li1,34.0400,62.5600,1.799951
_151_,VPWR,li1,30.1300,78.8800,1.799990
_150_,VPWR,li1,38.1800,68.0000,1.799931
_149_,VPWR,li1,28.5200,62.5600,1.799964
_148_,VPWR,li1,23.6900,68.0000,1.799959
_147_,VPWR,li1,18.6300,68.0000,1.799968
_146_,VPWR,li1,24.1500,62.5600,1.799972
_145_,VPWR,li1,23.0000,46.2400,1.799929
_144_,VPWR,li1,29.9000,57.1200,1.799836
_143_,VPWR,li1,23.9200,40.8000,1.799959
_142_,VPWR,li1,15.4100,62.5600,1.799978
_141_,VPWR,li1,20.2400,40.8000,1.799962
_140_,VPWR,li1,20.0100,51.6800,1.799953
_139_,VPWR,li1,16.1000,62.5600,1.799978
_138_,VPWR,li1,20.4700,57.1200,1.799890
_137_,VPWR,li1,17.7100,46.2400,1.799940
_136_,VPWR,li1,27.8300,51.6800,1.799942
_135_,VPWR,li1,40.2500,51.6800,1.799911
_134_,VPWR,li1,33.1200,51.6800,1.799924
_133_,VPWR,li1,30.1300,35.3600,1.799937
_132_,VPWR,li1,30.8200,35.3600,1.799937
_131_,VPWR,li1,35.4200,24.4800,1.799919
_130_,VPWR,li1,27.3700,35.3600,1.799945
_129_,VPWR,li1,37.0300,35.3600,1.799919
_128_,VPWR,li1,37.4900,40.8000,1.799932
_127_,VPWR,li1,40.0200,40.8000,1.799928
_126_,VPWR,li1,38.4100,29.9200,1.799715
_125_,VPWR,li1,24.6100,29.9200,1.799844
_124_,VPWR,li1,43.0100,29.9200,1.799685
_123_,VPWR,li1,25.7600,24.4800,1.799950
_122_,VPWR,li1,23.6900,29.9200,1.799864
_121_,VPWR,li1,20.4700,29.9200,1.799889
_120_,VPWR,li1,22.0800,24.4800,1.799964
_119_,VPWR,li1,23.2300,24.4800,1.799964
_118_,VPWR,li1,18.6300,19.0400,1.799968
_117_,VPWR,li1,20.9300,19.0400,1.799968
_116_,VPWR,li1,44.3900,40.8000,1.799919
_115_,VPWR,li1,37.4900,24.4800,1.799913
_114_,VPWR,li1,43.2400,19.0400,1.799916
_113_,VPWR,li1,54.0500,29.9200,1.799619
_112_,VPWR,li1,55.6600,13.6000,1.799900
_111_,VPWR,li1,71.5300,13.6000,1.799884
_110_,VPWR,li1,40.2500,19.0400,1.799922
_109_,VPWR,li1,66.9300,46.2400,1.799835
_108_,VPWR,li1,70.1500,29.9200,1.799604
_107_,VPWR,li1,66.9300,35.3600,1.799879
_106_,VPWR,li1,68.7700,40.8000,1.799904
_105_,VPWR,li1,68.7700,46.2400,1.799835
_104_,VPWR,li1,66.9300,51.6800,1.799877
_103_,VPWR,li1,70.1500,51.6800,1.799877
_102_,VPWR,li1,68.7700,62.5600,1.799919
_101_,VPWR,li1,68.7700,57.1200,1.799730
_100_,VPWR,li1,53.5900,68.0000,1.799916
_099_,VPWR,li1,51.2900,78.8800,1.799982
_098_,VPWR,li1,49.9100,73.4400,1.799954
_097_,VPWR,li1,39.7900,73.4400,1.799963
_096_,VPWR,li1,33.8100,73.4400,1.799968
_095_,VPWR,li1,28.2900,73.4400,1.799973
_094_,VPWR,li1,25.0700,78.8800,1.799991
_093_,VPWR,li1,11.7300,46.2400,1.799940
_092_,VPWR,li1,11.7300,57.1200,1.799885
_091_,VPWR,li1,11.7300,35.3600,1.799957
_090_,VPWR,li1,11.7300,46.2400,1.799940
_089_,VPWR,li1,34.2700,57.1200,1.799813
_088_,VPWR,li1,11.7300,29.9200,1.799887
_087_,VPWR,li1,37.9500,13.6000,1.799933
_086_,VPWR,li1,41.1700,19.0400,1.799922
_085_,VPWR,li1,36.1100,19.0400,1.799929
_084_,VPWR,li1,35.1900,13.6000,1.799941
_083_,VPWR,li1,25.0700,19.0400,1.799955
_082_,VPWR,li1,23.2300,13.6000,1.799968
_081_,VPWR,li1,53.1300,13.6000,1.799904
_080_,VPWR,li1,60.4900,13.6000,1.799893
_079_,VPWR,li1,51.2900,13.6000,1.799910
_078_,VPWR,li1,47.6100,19.0400,1.799907
_077_,VPWR,li1,45.7700,24.4800,1.799892
